[
    {
        "dbbe9692-d811-4230-90bb-d0197a2ca621": {
            "course_name": "Algebra I",
            "course_subject": "MATH",
            "course_number": "141",
            "course_prereq": [],
            "creditHours": 4,
            "minGrade": 0,
            "availability": ["Summer","Fall","Spring"]
        }
    }, 
    {
        "dbbe9692-d811-4230-90bb-d0197a2ca622": {
            "course_name": "Introduction to Computer Science",
            "course_subject": "CSCE",
            "course_number": "101",
            "course_prereq": [],
            "creditHours": 3,
            "minGrade": 0,
            "availability": ["Summer","Fall","Spring"]
        }
    }, 
    {
        "dbbe9692-d811-4230-90bb-d0197a2ca623": {
            "course_name": "General Applications Programming",
            "course_subject": "CSCE",
            "course_number": "102",
            "course_prereq": [],
            "creditHours": 3,
            "minGrade": 0,
            "availability": ["Summer","Fall","Spring"]
        }
    }, 
    {
        "dbbe9692-d811-4230-90bb-d0197a2ca624": {
            "course_name": "Program Design and Development",
            "course_subject": "CSCE",
            "course_number": "104",
            "course_prereq": [],
            "creditHours": 3,
            "minGrade": 0,
            "availability": ["Fall","Spring"]
        }
    }, 
    {
        "dbbe9692-d811-4230-90bb-d0197a2ca625": {
            "course_name": "Scientific Applications Programming",
            "course_subject": "CSCE",
            "course_number": "106",
            "course_prereq": ["MATH 122", "MATH 141" ],
            "creditHours": 3,
            "minGrade": 0,
            "availability": ["Summer","Fall","Spring"]
        }
    }, 
    {
        "dbbe9692-d811-4230-90bb-d0197a2ca626": {
            "course_name": "Algorithmic Design I",
            "course_subject": "CSCE",
            "course_number": "145",
            "course_prereq": ["MATH 111 or MATH 115" ],
            "creditHours": 4,
            "minGrade": 0,
            "availability": ["Summer","Fall","Spring"]
        }
    },
    { 
        "dbbe9692-d811-4230-90bb-d0197a2ca627": {
            "course_name": "Algorithmic Design II",
            "course_subject": "CSCE",
            "course_number": "146",
            "course_prereq": ["CSCE 145", "MATH 122 or MATH 141"], 
            "creditHours": 4,
            "minGrade": 0,
            "availability": ["Summer","Fall","Spring"]
        }
    }, 
    {
        "dbbe9692-d811-4230-90bb-d0197a2ca628": {
            "course_name": "Artificial Intelligence for All",
            "course_subject": "CSCE",
            "course_number": "180",
            "course_prereq": [],
            "creditHours": 3,
            "minGrade": 0,
            "availability": ["Fall"]
        }
    }, 
    {
        "dbbe9692-d811-4230-90bb-d0197a2ca629": {
            "course_name": "Computing in the Modern World",
            "course_subject": "CSCE",
            "course_number": "190",
            "course_prereq": ["CSCE 145 or CSCE 204 or CSCE 205 or CSCE 206" ],
            "creditHours": 1,
            "minGrade": 0,
            "availability": ["Fall","Spring"]
        }
    }, 
    {
        "dbbe9692-d811-4230-90bb-d0197a2ca630": {
            "course_name": "Introduction to Computer Security",
            "course_subject": "CSCE",
            "course_number": "201",
            "course_prereq": ["CSCCE 101 or CSCE 102 or CSCE 145" ],
            "creditHours": 3,
            "minGrade": 0,
            "availability": ["Fall","Spring"]
        }
    }, 
    {
        "dbbe9692-d811-4230-90bb-d0197a2ca631": {
            "course_name": "Business Applicaitons Programming",
            "course_subject": "CSCE",
            "course_number": "205",
            "course_prereq": ["MGSC 290 or CSCE 101" ],
            "creditHours": 3,
            "minGrade": 0,
            "availability": ["Summer","Fall","Spring"]
        }
    }, 
    {
        "dbbe9692-d811-4230-90bb-d0197a2ca632": {
            "course_name": "UNIX System Administration",
            "course_subject": "CSCE",
            "course_number": "207",
            "course_prereq": ["MATH 122 or MATH 141" ],
            "creditHours": 3,
            "minGrade": 0,
            "availability": ["Summer","Fall","Spring"]
        }
    }, 
    {
        "dbbe9692-d811-4230-90bb-d0197a2ca633": {
            "course_name": "Special Topics in Computer Programming",
            "course_subject": "CSCE",
            "course_number": "209",
            "course_prereq": [],
            "creditHours": 3,
            "minGrade": 0,
            "availability": ["Summer","Fall","Spring"]
        }
    }, 
    {
        "dbbe9692-d811-4230-90bb-d0197a2ca634": {
            "course_name": "Computer Hardware Foundations",
            "course_subject": "CSCE",
            "course_number": "210",
            "course_prereq": ["CSCE 145 or CSCE 204 or CSCE 205 or CSCE 206 or CSCE 207" ],
            "creditHours": 3,
            "minGrade": 0,
            "availability": ["Fall"]
        }
    }, 
    {
        "dbbe9692-d811-4230-90bb-d0197a2ca635": {
            "course_name": "Digital Logic Design",
            "course_subject": "CSCE",
            "course_number": "211",
            "course_prereq": ["MATH 141" ],
            "creditHours": 3,
            "minGrade": 0,
            "availability": ["Summer","Fall","Spring"]
        }
    }, 
    {
        "dbbe9692-d811-4230-90bb-d0197a2ca636": {
            "course_name": "Introduction to Computer Architecture",
            "course_subject": "CSCE",
            "course_number": "212",
            "course_prereq": ["CSCE 211", "CSCE 145 or CSCE 206" ],
            "creditHours": 3,
            "minGrade": 0,
            "availability": ["Summer","Fall","Spring"]
        }
    }, 
    {
        "dbbe9692-d811-4230-90bb-d0197a2ca637": {
            "course_name": "UNIX/LINUX Fundamentals",
            "course_subject": "CSCE",
            "course_number": "215",
            "course_prereq": ["CSCE 145" ],
            "creditHours": 1,
            "minGrade": 0,
            "availability": ["Summer","Fall","Spring"]
        }
    }, 
    {
        "dbbe9692-d811-4230-90bb-d0197a2ca638": {
            "course_name": "Advanced Programming Techniques",
            "course_subject": "CSCE",
            "course_number": "240",
            "course_prereq": ["CSCE 215", "CSCE 146" ],
            "creditHours": 3,
            "minGrade": 0,
            "availability": ["Summer","Fall","Spring"]
        }
    }, 
    {
        "dbbe9692-d811-4230-90bb-d0197a2ca639": {
            "course_name": "Web Applications",
            "course_subject": "CSCE",
            "course_number": "242",
            "course_prereq": ["CSCE 190", "CSCE 146" ],
            "creditHours": 3,
            "minGrade": 0,
            "availability": ["Fall", "Spring"]
        }
    }, 
    {
        "dbbe9692-d811-4230-90bb-d0197a2ca640": {
            "course_name": "Software Engineering",
            "course_subject": "CSCE",
            "course_number": "247",
            "course_prereq": ["CSCE 146" ],
            "creditHours": 3,
            "minGrade": 0,
            "availability": ["Fall","Spring"]
        }
    },
    {
        "dbbe9692-d811-4230-90bb-d0197a2ca641": {
            "course_name": "Robotic Applications and Design",
            "course_subject": "CSCE",
            "course_number": "274",
            "course_prereq": ["CSCE 146" ],
            "creditHours": 3,
            "minGrade": 0,
            "availability": ["Fall"]
        }
    },
    {
        "dbbe9692-d811-4230-90bb-d0197a2ca642": {
            "course_name": "Critical Reading and Composition",
            "course_subject": "ENGL",
            "course_number": "101",
            "course_prereq": [],
            "creditHours": 3,
            "minGrade": 0,
            "availability": ["Summer","Fall","Spring"]
        }
    }, 
    {
        "dbbe9692-d811-4230-90bb-d0197a2ca643": {
            "course_name": "Rhetoric and Composition",
            "course_subject": "ENGL",
            "course_number": "102",
            "course_prereq": [],
            "creditHours": 3,
            "minGrade": 0,
            "availability": ["Summer","Fall","Spring"]
        }
    },
    {
        "dbbe9692-d811-4230-90bb-d0197a2ca644": {
            "course_name": "Introduciton to Art",
            "course_subject": "ARTE",
            "carolina_core": "AIU",
            "course_number": "101",
            "course_prereq": [],
            "creditHours": 3,
            "minGrade": 0,
            "availability": ["Summer","Fall","Spring"]
        }
    }, 
    {
        "dbbe9692-d811-4230-90bb-d0197a2ca645": {
            "course_name": "Fundamentals of Art",
            "course_subject": "ARTE",
            "carolina_core": "AIU",
            "course_number": "103",
            "course_prereq": [],
            "creditHours": 3,
            "minGrade": 0,
            "availability": ["Summer","Fall","Spring"]
        }
    }, 
    {
        "dbbe9692-d811-4230-90bb-d0197a2ca646": {
            "course_name": "Introduction to Logic",
            "course_subject": "PHIL",
            "carolina_core": "ARP",
            "course_number": "111",
            "course_prereq": [],
            "creditHours": 3,
            "minGrade": 0,
            "availability": ["Summer","Fall","Spring"]
        }
    }, 
    {
        "dbbe9692-d811-4230-90bb-d0197a2ca647": {
            "course_name": "Introduction to Statistical Reasoning",
            "course_subject": "STAT",
            "carolina_core": "ARP",
            "course_number": "110",
            "course_prereq": [],
            "creditHours": 3,
            "minGrade": 0,
            "availability": ["Summer","Fall","Spring"]
        }
    }, 
    {
        "dbbe9692-d811-4230-90bb-d0197a2ca648": {
            "course_name": "Elementary Statistics for Business",
            "course_subject": "STAT",
            "carolina_core": "ARP",
            "course_number": "206",
            "course_prereq": [],
            "creditHours": 3,
            "minGrade": 0,
            "availability": ["Summer","Fall","Spring"]
        }
    }, 
    {
        "dbbe9692-d811-4230-90bb-d0197a2ca649": {
            "course_name": "Public Communication",
            "course_subject": "SPCH",
            "carolina_core": "CMS",
            "course_number": "140",
            "course_prereq": [],
            "creditHours": 3,
            "minGrade": 0,
            "availability": ["Summer","Fall","Spring"]
        }
    }, 
    {
        "dbbe9692-d811-4230-90bb-d0197a2ca650": {
            "course_name": "Online Public Communicaitons",
            "course_subject": "SPCH",
            "carolina_core": "CMS",
            "course_number": "145",
            "course_prereq": [],
            "creditHours": 3,
            "minGrade": 0,
            "availability": ["Summer","Fall","Spring"]
        }
    }, 
    {
        "dbbe9692-d811-4230-90bb-d0197a2ca651": {
            "course_name": "Beginning French I",
            "course_subject": "FREN",
            "carolina_core": "GFL",
            "course_number": "109",
            "course_prereq": [],
            "creditHours": 3,
            "minGrade": 0,
            "availability": ["Summer","Fall","Spring"]
        }
    }, 
    {
        "dbbe9692-d811-4230-90bb-d0197a2ca652": {
            "course_name": "Beginning Latin I",
            "course_subject": "LATIN",
            "carolina_core": "GFL",
            "course_number": "109",
            "course_prereq": [],
            "creditHours": 3,
            "minGrade": 0,
            "availability": ["Summer","Fall","Spring"]
        }
    }, 
    {
        "dbbe9692-d811-4230-90bb-d0197a2ca653": {
            "course_name": "Film and Media History",
            "course_subject": "FAMS",
            "carolina_core": "GHS",
            "course_number": "300",
            "course_prereq": [],
            "creditHours": 3,
            "minGrade": 0,
            "availability": ["Summer","Fall","Spring"]
        }
    }, 
    {
        "dbbe9692-d811-4230-90bb-d0197a2ca654": {
            "course_name": "Introduciton to South Asian History",
            "course_subject": "HIST",
            "carolina_core": "GFL",
            "course_number": "103",
            "course_prereq": [],
            "creditHours": 3,
            "minGrade": 0,
            "availability": ["Summer","Fall","Spring"]
        }
    }, 
    {
        "dbbe9692-d811-4230-90bb-d0197a2ca655": {
            "course_name": "Introduciton to Astronomy",
            "course_subject": "ASTR",
            "carolina_core": "SCI",
            "course_number": "101",
            "course_prereq": [],
            "creditHours": 3,
            "minGrade": 0,
            "availability": ["Summer","Fall","Spring"]
        }
    }, 
    {
        "dbbe9692-d811-4230-90bb-d0197a2ca656": {
            "course_name": "Biological Principles I",
            "course_subject": "BIOL",
            "carolina_core": "SCI",
            "course_number": "101",
            "course_prereq": [],
            "creditHours": 3,
            "minGrade": 0,
            "availability": ["Summer","Fall","Spring"]
        }
    }, 
    {
        "dbbe9692-d811-4230-90bb-d0197a2ca657": {
            "course_name": "Food and Culture",
            "course_subject": "ANTH",
            "carolina_core": "VSR",
            "course_number": "212",
            "course_prereq": [],
            "creditHours": 3,
            "minGrade": 0,
            "availability": ["Summer","Fall","Spring"]
        }
    }, 
    {
        "dbbe9692-d811-4230-90bb-d0197a2ca658": {
            "course_name": "Literature and Society",
            "course_subject": "ENGL",
            "carolina_core": "VSR",
            "course_number": "280",
            "course_prereq": [],
            "creditHours": 3,
            "minGrade": 0,
            "availability": ["Summer","Fall","Spring"]
        }
    }
    

    
    
]